Modèle,RMSE,MAE,R²
Linéaire,6.081548674271812,5.407974210956782,-0.012245984695463896
Polynomial (deg 2),6.0501022843809045,5.403438165206156,-0.0018048333697058272
Polynomial (deg 3),7.804174880746236,6.633817712555348,-0.6669081663011169
