,rmse_mean,rmse_std,mae_mean,mae_std,r2_mean,r2_std
0.0,6.050102284380904,8.881784197001252e-16,5.403438165206156,0.0,-0.0018048333697058272,0.0
0.01,6.050106179068833,9.100153824484852e-05,5.403450286835399,8.516529210683591e-05,-0.0018061233988299064,3.0136958791261176e-05
0.02,6.050110145051067,0.0001819932677921104,5.40346242287079,0.00017032293117608525,-0.0018074374925191705,6.02707102738361e-05
0.05,6.050122470868881,0.0004549099111543001,5.403498917413787,0.00042575024775639284,-0.0018115241948580385,0.0001506528354648743
0.1,6.05014444079371,0.0009095776701478638,5.403560029774857,0.000851312346497081,-0.0018188169818858847,0.0003012266327156777
0.2,6.050193736807678,0.001818201989111158,5.403683334957293,0.001701887996502207,-0.0018352103356483295,0.000602142808919894
